{
  "B_100BK_SCY": {
    "10U": {
      "A": 79.59,
      "AA": 76.09,
      "AAA": 72.49,
      "AAAA": 68.99,
      "B": 100.69,
      "BB": 90.09
    },
    "11-12": {
      "A": 69.28999999999999,
      "AA": 65.99,
      "AAA": 62.79,
      "AAAA": 59.49,
      "B": 82.19,
      "BB": 75.69
    },
    "13-14": {
      "A": 61.09,
      "AA": 58.59,
      "AAA": 55.99,
      "AAAA": 53.49,
      "B": 71.28999999999999,
      "BB": 66.19
    },
    "15-16": {
      "A": 57.89,
      "AA": 55.49,
      "AAA": 53.09,
      "AAAA": 50.69,
      "B": 67.49,
      "BB": 62.69
    },
    "17-18": {
      "A": 55.89,
      "AA": 53.59,
      "AAA": 51.29,
      "AAAA": 48.89,
      "B": 65.19,
      "BB": 60.59
    }
  },
  "B_100BR_SCY": {
    "10U": {
      "A": 90.59,
      "AA": 86.59,
      "AAA": 82.69,
      "AAAA": 78.78999999999999,
      "B": 114.09,
      "BB": 102.28999999999999
    },
    "11-12": {
      "A": 78.39,
      "AA": 74.89,
      "AAA": 71.39,
      "AAAA": 67.79,
      "B": 92.59,
      "BB": 85.49
    },
    "13-14": {
      "A": 68.99,
      "AA": 66.19,
      "AAA": 63.29,
      "AAAA": 60.39,
      "B": 80.49,
      "BB": 74.78999999999999
    },
    "15-16": {
      "A": 65.89,
      "AA": 63.19,
      "AAA": 60.39,
      "AAAA": 57.69,
      "B": 76.89,
      "BB": 71.39
    },
    "17-18": {
      "A": 63.99,
      "AA": 61.39,
      "AAA": 58.69,
      "AAAA": 55.99,
      "B": 74.69,
      "BB": 69.39
    }
  },
  "B_100FL_SCY": {
    "10U": {
      "A": 84.39,
      "AA": 79.49,
      "AAA": 74.59,
      "AAAA": 69.78999999999999,
      "B": 113.49000000000001,
      "BB": 98.99000000000001
    },
    "11-12": {
      "A": 69.28999999999999,
      "AA": 65.89,
      "AAA": 62.49,
      "AAAA": 59.09,
      "B": 82.89,
      "BB": 76.09
    },
    "13-14": {
      "A": 60.39,
      "AA": 57.89,
      "AAA": 55.39,
      "AAAA": 52.89,
      "B": 70.49,
      "BB": 65.49
    },
    "15-16": {
      "A": 57.59,
      "AA": 55.19,
      "AAA": 52.79,
      "AAAA": 50.39,
      "B": 67.19,
      "BB": 62.39
    },
    "17-18": {
      "A": 56.09,
      "AA": 53.69,
      "AAA": 51.39,
      "AAAA": 49.09,
      "B": 65.39,
      "BB": 60.79
    }
  },
  "B_100FR_SCY": {
    "10U": {
      "A": 69.78999999999999,
      "AA": 66.79,
      "AAA": 63.79,
      "AAAA": 60.69,
      "B": 87.99,
      "BB": 78.89
    },
    "11-12": {
      "A": 61.29,
      "AA": 58.69,
      "AAA": 56.19,
      "AAAA": 53.59,
      "B": 71.49,
      "BB": 66.39
    },
    "13-14": {
      "A": 55.69,
      "AA": 53.39,
      "AAA": 51.09,
      "AAAA": 48.69,
      "B": 64.99,
      "BB": 60.29
    },
    "15-16": {
      "A": 53.19,
      "AA": 50.99,
      "AAA": 48.79,
      "AAAA": 46.49,
      "B": 61.99,
      "BB": 57.59
    },
    "17-18": {
      "A": 51.69,
      "AA": 49.59,
      "AAA": 47.39,
      "AAAA": 45.29,
      "B": 60.29,
      "BB": 55.99
    }
  },
  "B_200BK_SCY": {
    "11-12": {
      "A": 148.19,
      "AA": 141.99,
      "AAA": 135.89,
      "AAAA": 129.69,
      "B": 172.89,
      "BB": 160.49
    },
    "13-14": {
      "A": 132.59,
      "AA": 127.09,
      "AAA": 121.59,
      "AAAA": 115.99000000000001,
      "B": 154.69,
      "BB": 143.69
    },
    "15-16": {
      "A": 126.59,
      "AA": 121.29,
      "AAA": 115.99000000000001,
      "AAAA": 110.69,
      "B": 147.59,
      "BB": 137.09
    },
    "17-18": {
      "A": 123.29,
      "AA": 118.19,
      "AAA": 113.09,
      "AAAA": 107.89,
      "B": 143.89,
      "BB": 133.59
    }
  },
  "B_200FR_SCY": {
    "10U": {
      "A": 151.59,
      "AA": 145.29,
      "AAA": 138.99,
      "AAAA": 132.69,
      "B": 189.49,
      "BB": 170.59
    },
    "11-12": {
      "A": 133.69,
      "AA": 128.19,
      "AAA": 122.59,
      "AAAA": 116.99000000000001,
      "B": 155.99,
      "BB": 144.89
    },
    "13-14": {
      "A": 122.19,
      "AA": 117.09,
      "AAA": 111.99000000000001,
      "AAAA": 106.89,
      "B": 142.49,
      "BB": 132.29
    },
    "15-16": {
      "A": 116.59,
      "AA": 111.78999999999999,
      "AAA": 106.89,
      "AAAA": 101.99000000000001,
      "B": 135.99,
      "BB": 126.29
    },
    "17-18": {
      "A": 114.49000000000001,
      "AA": 109.69,
      "AAA": 104.99000000000001,
      "AAAA": 100.19,
      "B": 133.59,
      "BB": 123.99
    }
  },
  "B_200IM_SCY": {
    "10U": {
      "A": 173.49,
      "AA": 165.89,
      "AAA": 158.39,
      "AAAA": 150.89,
      "B": 218.59,
      "BB": 195.99
    },
    "11-12": {
      "A": 152.29,
      "AA": 145.59,
      "AAA": 138.79,
      "AAAA": 132.09,
      "B": 179.29,
      "BB": 165.79
    },
    "13-14": {
      "A": 135.39,
      "AA": 129.79,
      "AAA": 124.09,
      "AAAA": 118.49000000000001,
      "B": 157.99,
      "BB": 146.69
    },
    "15-16": {
      "A": 129.39,
      "AA": 123.99,
      "AAA": 118.59,
      "AAAA": 113.19,
      "B": 150.89,
      "BB": 140.19
    },
    "17-18": {
      "A": 126.39,
      "AA": 121.09,
      "AAA": 115.89,
      "AAAA": 110.59,
      "B": 147.39,
      "BB": 136.89
    }
  },
  "B_500FR_SCY": {
    "10U": {
      "A": 403.39,
      "AA": 386.59,
      "AAA": 369.79,
      "AAAA": 352.99,
      "B": 504.29,
      "BB": 453.79
    },
    "11-12": {
      "A": 359.99,
      "AA": 344.99,
      "AAA": 329.99,
      "AAAA": 314.99,
      "B": 419.89,
      "BB": 389.99
    },
    "13-14": {
      "A": 330.59,
      "AA": 316.89,
      "AAA": 303.09,
      "AAAA": 289.29,
      "B": 385.69,
      "BB": 358.19
    },
    "15-16": {
      "A": 315.79,
      "AA": 302.69,
      "AAA": 289.49,
      "AAAA": 276.29,
      "B": 368.39,
      "BB": 342.09000000000003
    },
    "17-18": {
      "A": 311.39,
      "AA": 298.39,
      "AAA": 285.39,
      "AAAA": 272.39,
      "B": 363.19,
      "BB": 337.29
    }
  },
  "B_50BK_SCY": {
    "10U": {
      "A": 37.59,
      "AA": 35.79,
      "AAA": 33.99,
      "AAAA": 32.19,
      "B": 48.29,
      "BB": 42.89
    },
    "11-12": {
      "A": 32.69,
      "AA": 31.19,
      "AAA": 29.69,
      "AAAA": 28.19,
      "B": 38.49,
      "BB": 35.59
    },
    "13-14": {
      "A": 28.89,
      "AA": 27.69,
      "AAA": 26.49,
      "AAAA": 25.29,
      "B": 33.69,
      "BB": 31.29
    },
    "15-16": {
      "A": 27.19,
      "AA": 26.09,
      "AAA": 24.99,
      "AAAA": 23.79,
      "B": 31.79,
      "BB": 29.49
    },
    "17-18": {
      "A": 26.39,
      "AA": 25.29,
      "AAA": 24.19,
      "AAAA": 23.09,
      "B": 30.79,
      "BB": 28.59
    }
  },
  "B_50BR_SCY": {
    "10U": {
      "A": 42.09,
      "AA": 40.19,
      "AAA": 38.29,
      "AAAA": 36.39,
      "B": 53.39,
      "BB": 47.69
    },
    "11-12": {
      "A": 36.69,
      "AA": 34.99,
      "AAA": 33.29,
      "AAAA": 31.49,
      "B": 43.49,
      "BB": 40.09
    },
    "13-14": {
      "A": 33.09,
      "AA": 31.69,
      "AAA": 30.29,
      "AAAA": 28.89,
      "B": 38.59,
      "BB": 35.79
    },
    "15-16": {
      "A": 31.39,
      "AA": 30.09,
      "AAA": 28.79,
      "AAAA": 27.49,
      "B": 36.69,
      "BB": 34.09
    },
    "17-18": {
      "A": 30.39,
      "AA": 29.09,
      "AAA": 27.89,
      "AAAA": 26.59,
      "B": 35.39,
      "BB": 32.89
    }
  },
  "B_50FL_SCY": {
    "10U": {
      "A": 35.99,
      "AA": 34.29,
      "AAA": 32.59,
      "AAAA": 30.79,
      "B": 46.49,
      "BB": 41.29
    },
    "11-12": {
      "A": 31.19,
      "AA": 29.69,
      "AAA": 28.19,
      "AAAA": 26.69,
      "B": 37.09,
      "BB": 34.19
    },
    "13-14": {
      "A": 28.39,
      "AA": 27.19,
      "AAA": 26.09,
      "AAAA": 24.89,
      "B": 33.19,
      "BB": 30.79
    },
    "15-16": {
      "A": 27.09,
      "AA": 25.89,
      "AAA": 24.79,
      "AAAA": 23.69,
      "B": 31.59,
      "BB": 29.29
    },
    "17-18": {
      "A": 26.19,
      "AA": 25.09,
      "AAA": 23.99,
      "AAAA": 22.99,
      "B": 30.59,
      "BB": 28.39
    }
  },
  "B_50FR_SCY": {
    "10U": {
      "A": 31.09,